index,demand,location,x,y,assigned,piority
0,519,"Point(x=87944.0675, y=52450.6225)",87944.0675,52450.6225,155,3277577.2145689004
1,524,"Point(x=37213.06, y=94604.49)",37213.06,94604.49,29,2348587.9072743454
2,540,"Point(x=95597.8625, y=64278.22)",95597.8625,64278.22,132,1594957.0828413113
3,414,"Point(x=53019.85, y=2460.26)",53019.85,2460.26,66,1788912.5160851134
4,439,"Point(x=13295.405, y=3025.0)",13295.405,3025.0,9,672976.7813935226
5,372,"Point(x=500.7975, y=47579.95)",500.7975,47579.95,112,1886455.4466552597
6,572,"Point(x=63738.4725, y=57141.9575)",63738.4725,57141.9575,116,1257387.7050512137
7,471,"Point(x=95509.4825, y=25899.875)",95509.4825,25899.875,24,1153516.134282779
8,548,"Point(x=30172.93, y=94626.005)",30172.93,94626.005,6,3129770.7388068973
9,579,"Point(x=46379.3675, y=84749.105)",46379.3675,84749.105,84,609062.9097153445
10,665,"Point(x=75970.48, y=52569.8575)",75970.48,52569.8575,167,977375.111353303
11,519,"Point(x=16452.1175, y=28706.035)",16452.1175,28706.035,121,1153119.115834469
12,553,"Point(x=38681.3825, y=46523.3825)",38681.3825,46523.3825,193,1375941.9773135001
13,731,"Point(x=62092.99, y=50443.815)",62092.99,50443.815,164,558704.1267705779
14,446,"Point(x=85645.3025, y=682.0575)",85645.3025,682.0575,14,1280781.1172555834
15,594,"Point(x=34224.9325, y=26280.8)",34224.9325,26280.8,183,1466008.3484182123
16,515,"Point(x=50444.0225, y=83783.99)",50444.0225,83783.99,13,670856.0381609618
17,389,"Point(x=10109.805, y=12828.74)",10109.805,12828.74,27,731331.0061763831
18,529,"Point(x=39459.2025, y=54065.055)",39459.2025,54065.055,35,1925590.6342877063
19,509,"Point(x=40737.79, y=19878.75)",40737.79,19878.75,44,1222935.5900714595
20,686,"Point(x=61951.03, y=6251.5675)",61951.03,6251.5675,60,971192.9908106335
21,488,"Point(x=95432.6325, y=11464.9)",95432.6325,11464.9,185,1575143.6665125592
22,448,"Point(x=57708.2, y=72726.075)",57708.2,72726.075,139,539698.9684459255
23,623,"Point(x=67039.55, y=18307.185)",67039.55,18307.185,65,2993369.817841345
24,395,"Point(x=81144.4225, y=52273.055)",81144.4225,52273.055,167,631801.2505778875
25,537,"Point(x=11380.13, y=7991.035)",11380.13,7991.035,9,1978713.1678633392
26,514,"Point(x=85104.315, y=6111.695)",85104.315,6111.695,95,1131653.5366295648
27,462,"Point(x=70354.8325, y=88743.445)",70354.8325,88743.445,118,1681917.607189389
28,404,"Point(x=25729.9825, y=13408.4325)",25729.9825,13408.4325,51,578162.8574185036
29,467,"Point(x=60904.8, y=37202.2475)",60904.8,37202.2475,59,589270.7702074115
30,423,"Point(x=56376.0875, y=93110.295)",56376.0875,93110.295,68,1426844.4906701338
31,548,"Point(x=99555.9375, y=84282.2325)",99555.9375,84282.2325,180,770703.4320977621
32,423,"Point(x=65441.25, y=23233.8)",65441.25,23233.8,72,1099373.6036205345
33,539,"Point(x=55150.0625, y=5088.5925)",55150.0625,5088.5925,175,1863265.2098372297
34,482,"Point(x=32298.135, y=58530.535)",32298.135,58530.535,3,2151098.969282524
35,604,"Point(x=93400.2425, y=29477.0425)",93400.2425,29477.0425,28,1597887.1689925918
36,565,"Point(x=83232.765, y=70299.1375)",83232.765,70299.1375,20,441024.3568288695
37,573,"Point(x=78733.9375, y=25193.1725)",78733.9375,25193.1725,157,1755876.120604209
38,569,"Point(x=98191.8425, y=18380.955)",98191.8425,18380.955,120,1197712.1567759446
39,538,"Point(x=31610.57, y=8751.4975)",31610.57,8751.4975,114,658896.8810771713
40,511,"Point(x=99494.7475, y=79894.705)",99494.7475,79894.705,108,3802190.852732067
41,519,"Point(x=6285.445, y=31574.05)",6285.445,31574.05,49,3564048.7545152134
42,353,"Point(x=62032.185, y=46970.295)",62032.185,46970.295,151,1485900.8115385443
43,631,"Point(x=54418.98, y=9056.34)",54418.98,9056.34,175,4435814.660411395
44,624,"Point(x=11547.175, y=21082.6425)",11547.175,21082.6425,158,415573.648843976
45,378,"Point(x=38614.2025, y=49294.64)",38614.2025,49294.64,35,1908282.571495976
46,551,"Point(x=25203.225, y=2902.2575)",25203.225,2902.2575,102,2269301.9622361236
47,473,"Point(x=6663.9725, y=6721.345)",6663.9725,6721.345,9,1510343.5409595214
48,493,"Point(x=8423.8725, y=81616.29)",8423.8725,81616.29,123,1935278.0556142137
49,484,"Point(x=53456.9125, y=58458.0875)",53456.9125,58458.0875,145,898642.2764578328
50,409,"Point(x=46274.7, y=35912.7375)",46274.7,35912.7375,133,1117834.9239121138
51,360,"Point(x=41376.0475, y=1913.2575)",41376.0475,1913.2575,18,2380967.704506196
52,613,"Point(x=114.655, y=69759.95)",114.655,69759.95,4,855329.2283566797
53,460,"Point(x=80643.875, y=25088.8875)",80643.875,25088.8875,157,1151021.6827620007
54,464,"Point(x=22884.275, y=37687.5975)",22884.275,37687.5975,90,2541756.07965256
55,621,"Point(x=55687.5425, y=82544.0925)",55687.5425,82544.0925,23,2861594.5855675265
56,449,"Point(x=57316.945, y=40879.0375)",57316.945,40879.0375,59,1309868.2925190271
57,449,"Point(x=28696.31, y=58922.345)",28696.31,58922.345,3,1058911.7139171003
58,277,"Point(x=13376.205, y=66155.74)",13376.205,66155.74,160,1479880.9345904593
59,496,"Point(x=67811.5625, y=91439.755)",67811.5625,91439.755,118,605738.3021598047
60,511,"Point(x=40613.0, y=29481.095)",40613.0,29481.095,183,3181836.199345858
61,492,"Point(x=79797.1975, y=57439.0375)",79797.1975,57439.0375,167,2272902.575473276
62,553,"Point(x=33216.7525, y=57292.1)",33216.7525,57292.1,3,2751720.8167082504
63,374,"Point(x=3963.8825, y=97021.2625)",3963.8825,97021.2625,26,1036833.9104704732
64,369,"Point(x=20414.925, y=17108.545)",20414.925,17108.545,5,791220.7379222962
65,491,"Point(x=4259.3575, y=5736.5025)",4259.3575,5736.5025,58,604999.7892093499
66,529,"Point(x=20651.9375, y=49603.9025)",20651.9375,49603.9025,25,1926303.713819491
67,669,"Point(x=18297.445, y=53698.675)",18297.445,53698.675,25,1936294.5435987958
68,293,"Point(x=20853.655, y=35256.085)",20853.655,35256.085,90,806693.2496535013
69,452,"Point(x=69323.4475, y=96460.245)",69323.4475,96460.245,198,2862980.8460020823
70,461,"Point(x=40041.62, y=5302.2425)",40041.62,5302.2425,18,1682242.6417756728
71,571,"Point(x=53156.5475, y=39783.09)",53156.5475,39783.09,162,2963371.852443706
72,234,"Point(x=44756.055, y=59006.2925)",44756.055,59006.2925,166,933941.9010082386
73,602,"Point(x=95891.81, y=41011.1225)",95891.81,41011.1225,141,3780675.1492743175
74,495,"Point(x=63746.34, y=8944.185)",63746.34,8944.185,60,1497385.5233740434
75,530,"Point(x=75300.655, y=88498.8125)",75300.655,88498.8125,118,2849126.3699236424
76,758,"Point(x=85025.5, y=33005.9525)",85025.5,33005.9525,101,538550.9399372801
77,468,"Point(x=45764.785, y=12550.715)",45764.785,12550.715,54,2512657.015768192
78,503,"Point(x=54206.715, y=67094.0675)",54206.715,67094.0675,159,1582676.8110058547
79,567,"Point(x=59617.9025, y=55278.1)",59617.9025,55278.1,30,3162013.999289297
80,278,"Point(x=6278.37, y=75053.8025)",6278.37,75053.8025,123,414950.0642442378
81,345,"Point(x=90439.4725, y=68523.8825)",90439.4725,68523.8825,132,338839.67717725626
82,430,"Point(x=30981.8075, y=41426.19)",30981.8075,41426.19,125,1855820.9477324763
83,439,"Point(x=39811.2725, y=70208.2525)",39811.2725,70208.2525,77,1158251.6570959694
84,622,"Point(x=1129.89, y=8679.7)",1129.89,8679.7,9,649770.2936222367
85,467,"Point(x=42307.65, y=39404.445)",42307.65,39404.445,193,1225875.3787203317
86,689,"Point(x=41503.9175, y=68203.97)",41503.9175,68203.97,77,2064979.4593979302
87,712,"Point(x=23250.505, y=83954.6925)",23250.505,83954.6925,62,1960369.4084774158
88,543,"Point(x=2900.035, y=63138.55)",2900.035,63138.55,2,4127580.8004685426
89,417,"Point(x=87295.0225, y=79569.4225)",87295.0225,79569.4225,180,782122.0137007101
90,557,"Point(x=36116.705, y=2506.7925)",36116.705,2506.7925,18,732171.3421773856
91,571,"Point(x=58071.26, y=51147.795)",58071.26,51147.795,30,1739597.8115660357
92,342,"Point(x=49582.63, y=73606.37)",49582.63,73606.37,156,943617.4189561292
93,545,"Point(x=70213.125, y=49121.7175)",70213.125,49121.7175,67,1196218.9149414012
94,503,"Point(x=94733.07, y=8662.235)",94733.07,8662.235,85,2368542.6057917806
95,522,"Point(x=2168.9575, y=52147.1425)",2168.9575,52147.1425,112,1890441.6625245663
96,554,"Point(x=90687.25, y=48155.14)",90687.25,48155.14,141,855351.703666306
97,565,"Point(x=25884.26, y=28740.425)",25884.26,28740.425,94,3307058.0924877683
98,502,"Point(x=51056.43, y=38615.7575)",51056.43,38615.7575,162,2989008.3311501737
99,559,"Point(x=19806.695, y=38515.275)",19806.695,38515.275,90,2034297.770727065
100,450,"Point(x=49262.3175, y=99082.96)",49262.3175,99082.96,12,3001731.9559778245
101,499,"Point(x=97132.4875, y=73762.6075)",97132.4875,73762.6075,108,4578745.087572153
102,398,"Point(x=81318.13, y=66517.1)",81318.13,66517.1,149,1078585.1851426004
103,533,"Point(x=97970.655, y=65906.935)",97970.655,65906.935,119,1174800.5491230357
104,631,"Point(x=36549.09, y=11578.05)",36549.09,11578.05,46,1510013.2005880903
105,334,"Point(x=71069.865, y=92740.4475)",71069.865,92740.4475,118,1047571.7281091119
106,479,"Point(x=55096.345, y=5145.805)",55096.345,5145.805,175,1665481.827768695
107,487,"Point(x=67866.5375, y=15640.7375)",67866.5375,15640.7375,65,2087109.0586038488
108,516,"Point(x=27947.5925, y=78388.5125)",27947.5925,78388.5125,140,934852.4219731699
109,447,"Point(x=68791.1375, y=85361.24)",68791.1375,85361.24,42,1440928.985460812
110,528,"Point(x=95820.9375, y=92746.7675)",95820.9375,92746.7675,144,3877645.426428445
111,594,"Point(x=50656.0425, y=87726.4275)",50656.0425,87726.4275,13,1807868.399042554
112,495,"Point(x=14664.68, y=79998.8025)",14664.68,79998.8025,34,1513950.2760200948
113,455,"Point(x=93410.72, y=24401.25)",93410.72,24401.25,120,1579799.162741998
114,583,"Point(x=85740.765, y=33873.77)",85740.765,33873.77,43,1231550.9705529776
115,434,"Point(x=57514.71, y=56955.94)",57514.71,56955.94,30,1634696.8912408724
116,456,"Point(x=20933.975, y=68162.1025)",20933.975,68162.1025,165,3071330.959594985
117,402,"Point(x=1958.115, y=50445.7725)",1958.115,50445.7725,112,2107517.8898053253
118,574,"Point(x=53087.4525, y=78356.6325)",53087.4525,78356.6325,139,2599373.923809053
119,553,"Point(x=25666.7575, y=71079.1)",25666.7575,71079.1,69,2121489.542845776
120,430,"Point(x=6600.0975, y=424.875)",6600.0975,424.875,58,3755087.943234482
121,580,"Point(x=26699.5025, y=65900.3925)",26699.5025,65900.3925,69,1706246.549356973
122,441,"Point(x=92844.215, y=12957.2975)",92844.215,12957.2975,185,304456.98055263975
123,435,"Point(x=84111.33, y=14779.8425)",84111.33,14779.8425,106,442110.2957579531
124,446,"Point(x=41338.2675, y=92694.615)",41338.2675,92694.615,29,2162516.177842988
125,490,"Point(x=7898.8225, y=24694.4075)",7898.8225,24694.4075,171,3255523.4630163857
126,496,"Point(x=96797.355, y=77652.82)",96797.355,77652.82,180,4148562.3828606107
127,588,"Point(x=68153.3225, y=12926.2325)",68153.3225,12926.2325,65,3299976.020925716
128,621,"Point(x=35651.5425, y=97750.7875)",35651.5425,97750.7875,6,2926068.1149491942
129,653,"Point(x=8665.9325, y=71892.555)",8665.9325,71892.555,197,3669108.373388729
130,327,"Point(x=44985.9325, y=5247.305)",44985.9325,5247.305,66,2258166.3831933592
131,378,"Point(x=35751.3975, y=96248.2875)",35751.3975,96248.2875,6,1689779.7534321242
132,525,"Point(x=24396.9075, y=6928.1275)",24396.9075,6928.1275,5,731164.0288555601
133,497,"Point(x=3441.455, y=72941.3)",3441.455,72941.3,4,1061299.5258135193
134,347,"Point(x=10792.6875, y=81704.7275)",10792.6875,81704.7275,123,535795.670884171
135,629,"Point(x=90915.0525, y=52082.2275)",90915.0525,52082.2275,155,3620379.8378512035
136,409,"Point(x=66971.1775, y=53450.18)",66971.1775,53450.18,98,472604.04684780765
137,427,"Point(x=55051.8525, y=841.38)",55051.8525,841.38,175,1579918.8998712006
138,319,"Point(x=6738.36, y=33367.4325)",6738.36,33367.4325,49,2200454.0299545215
139,445,"Point(x=40564.7925, y=2867.2325)",40564.7925,2867.2325,18,2672430.932935455
140,568,"Point(x=65242.695, y=23886.6825)",65242.695,23886.6825,105,1417426.3749150005
141,594,"Point(x=67021.34, y=1680.495)",67021.34,1680.495,60,3203829.536972104
142,327,"Point(x=87871.2875, y=8658.5575)",87871.2875,8658.5575,106,705371.8801687498
143,285,"Point(x=52130.6325, y=32931.6025)",52130.6325,32931.6025,133,2942864.5388709023
144,447,"Point(x=25679.04, y=77764.4925)",25679.04,77764.4925,62,803415.1707253448
145,403,"Point(x=20001.9775, y=56587.465)",20001.9775,56587.465,32,2095905.6629138999
146,563,"Point(x=33655.8125, y=78211.5225)",33655.8125,78211.5225,140,2300811.7393965707
147,436,"Point(x=35702.6775, y=59882.5975)",35702.6775,59882.5975,83,1817663.036742133
148,603,"Point(x=99044.23, y=62354.275)",99044.23,62354.275,119,5018893.6687594
149,531,"Point(x=814.59, y=75745.15)",814.59,75745.15,4,4166224.983175466
150,430,"Point(x=13570.035, y=18449.6275)",13570.035,18449.6275,158,2270931.2058522333
151,591,"Point(x=38678.54, y=76177.5975)",38678.54,76177.5975,92,2922967.2391007515
152,543,"Point(x=9631.29, y=66818.2075)",9631.29,66818.2075,160,3307074.829322297
153,570,"Point(x=19195.9925, y=66587.53)",19195.9925,66587.53,165,4318936.807270158
154,472,"Point(x=37800.815, y=95237.37)",37800.815,95237.37,29,2205009.4921320532
155,350,"Point(x=51051.9275, y=98111.1825)",51051.9275,98111.1825,12,1599985.7895162601
156,472,"Point(x=71754.995, y=891.03)",71754.995,891.03,176,2152176.208676435
157,541,"Point(x=79858.6075, y=16351.545)",79858.6075,16351.545,134,1706906.254804136
158,520,"Point(x=44530.8525, y=62054.215)",44530.8525,62054.215,166,2245875.140244284
159,433,"Point(x=38045.2175, y=62429.7325)",38045.2175,62429.7325,83,2340403.5217478937
160,503,"Point(x=25836.0475, y=63622.8425)",25836.0475,63622.8425,32,2441647.5801794683
161,589,"Point(x=75770.775, y=32855.1775)",75770.775,32855.1775,101,1977545.477646912
162,514,"Point(x=9190.605, y=63580.66)",9190.605,63580.66,197,1153111.1664222856
163,631,"Point(x=5717.6275, y=78961.91)",5717.6275,78961.91,123,3706043.4826700757
164,432,"Point(x=69485.8275, y=92682.785)",69485.8275,92682.785,118,1371802.8587404813
165,619,"Point(x=24379.595, y=58955.6825)",24379.595,58955.6825,32,2551478.711221863
166,452,"Point(x=17102.455, y=32175.4875)",17102.455,32175.4875,121,1457645.9826331262
167,560,"Point(x=2649.1425, y=12389.33)",2649.1425,12389.33,27,2172495.6784638166
168,470,"Point(x=57493.475, y=33231.9575)",57493.475,33231.9575,133,1252231.8044330704
169,553,"Point(x=3709.0075, y=81218.125)",3709.0075,81218.125,4,2452033.833869255
170,258,"Point(x=59888.625, y=40456.2725)",59888.625,40456.2725,59,1396863.7574649088
171,402,"Point(x=31219.7375, y=18593.655)",31219.7375,18593.655,135,1843268.1055953917
172,318,"Point(x=36428.1275, y=65533.66)",36428.1275,65533.66,83,2046270.0074178816
173,566,"Point(x=94760.71, y=6660.68)",94760.71,6660.68,14,2361725.461476997
174,408,"Point(x=6102.9275, y=30606.7975)",6102.9275,30606.7975,49,2360827.6184287732
175,724,"Point(x=21673.9125, y=55787.7475)",21673.9125,55787.7475,32,3882007.8894789913
176,521,"Point(x=77146.6875, y=15261.075)",77146.6875,15261.075,106,823882.8111754011
177,587,"Point(x=91620.4075, y=15385.89)",91620.4075,15385.89,179,2727922.6056041582
178,595,"Point(x=12614.27, y=88586.8825)",12614.27,88586.8825,45,2823356.5857524085
179,610,"Point(x=79493.2525, y=7789.425)",79493.2525,7789.425,95,2485785.914708752
180,639,"Point(x=75047.7375, y=57910.6575)",75047.7375,57910.6575,167,4201088.643853184
181,498,"Point(x=9529.315, y=9642.8575)",9529.315,9642.8575,27,3401439.7855155324
182,406,"Point(x=62474.07, y=930.39)",62474.07,930.39,60,1515059.158746573
183,329,"Point(x=31181.015, y=29743.545)",31181.015,29743.545,94,512946.5593406358
184,283,"Point(x=33531.85, y=10928.75)",33531.85,10928.75,199,938571.5214353193
185,557,"Point(x=55247.815, y=79293.12)",55247.815,79293.12,139,2114294.677263212
186,563,"Point(x=79497.825, y=79840.295)",79497.825,79840.295,15,1582891.439553422
187,507,"Point(x=80299.2975, y=82519.0125)",80299.2975,82519.0125,15,1993011.821653494
188,404,"Point(x=64063.2125, y=46740.815)",64063.2125,46740.815,151,1487398.0957063627
189,530,"Point(x=61774.725, y=39933.175)",61774.725,39933.175,151,3246246.722300361
190,295,"Point(x=79146.7175, y=92364.5425)",79146.7175,92364.5425,196,1385445.3545453472
191,513,"Point(x=20358.9625, y=98383.925)",20358.9625,98383.925,74,1985117.2406322474
192,540,"Point(x=18937.0025, y=43497.4275)",18937.0025,43497.4275,178,663497.2894198031
193,549,"Point(x=66783.87, y=9423.5675)",66783.87,9423.5675,60,3662794.1244487693
194,467,"Point(x=1367.7675, y=29516.2675)",1367.7675,29516.2675,49,1794985.6989852092
195,398,"Point(x=3686.71, y=99038.34)",3686.71,99038.34,26,1553151.6419995949
196,502,"Point(x=40402.0775, y=52439.1325)",40402.0775,52439.1325,35,3017284.1606776044
197,634,"Point(x=19272.985, y=95069.955)",19272.985,95069.955,100,1595446.9575717193
198,474,"Point(x=90711.755, y=17418.575)",90711.755,17418.575,179,2444468.101543692
199,638,"Point(x=7155.16, y=79085.3625)",7155.16,79085.3625,123,4180777.412146067
200,543,"Point(x=96819.3, y=96071.665)",96819.3,96071.665,144,4449972.391428144
201,594,"Point(x=56627.4925, y=97070.8775)",56627.4925,97070.8775,68,2326238.818037037
202,370,"Point(x=4946.4575, y=7790.6)",4946.4575,7790.6,9,1012869.382483512
203,455,"Point(x=95829.61, y=58851.29)",95829.61,58851.29,119,921109.8997759394
204,441,"Point(x=81026.13, y=2752.65)",81026.13,2752.65,176,2276801.866493464
205,533,"Point(x=44038.5725, y=34251.155)",44038.5725,34251.155,183,1478502.1220020943
206,552,"Point(x=88336.18, y=7262.6875)",88336.18,7262.6875,14,1585842.503442454
207,559,"Point(x=98804.2025, y=39432.3025)",98804.2025,39432.3025,130,5873558.407883906
208,647,"Point(x=25001.9475, y=24682.985)",25001.9475,24682.985,21,4196911.674155781
209,354,"Point(x=65963.325, y=80475.5675)",65963.325,80475.5675,42,3234040.980165328
210,460,"Point(x=13017.2175, y=29956.055)",13017.2175,29956.055,121,1106735.9946091268
211,414,"Point(x=28408.92, y=1860.7)",28408.92,1860.7,102,2750048.0835421667
212,527,"Point(x=88462.8925, y=34510.37)",88462.8925,34510.37,43,1596032.5360699166
213,457,"Point(x=20136.53, y=53254.015)",20136.53,53254.015,25,509597.50187086355
214,441,"Point(x=57493.7125, y=90759.1225)",57493.7125,90759.1225,68,1112336.6399858422
215,495,"Point(x=28041.5775, y=31200.0625)",28041.5775,31200.0625,94,2647106.9146285215
216,541,"Point(x=3099.0225, y=79666.865)",3099.0225,79666.865,4,3976000.7778183133
217,362,"Point(x=90727.045, y=69044.4375)",90727.045,69044.4375,180,467142.2620115357
218,549,"Point(x=24685.485, y=66192.35)",24685.485,66192.35,32,2775048.244739092
219,365,"Point(x=62319.675, y=64035.6125)",62319.675,64035.6125,116,1225573.3085646094
220,516,"Point(x=41367.08, y=77153.33)",41367.08,77153.33,92,2223825.885746436
221,344,"Point(x=57071.3325, y=24174.735)",57071.3325,24174.735,78,2094124.858797374
222,592,"Point(x=56583.275, y=2470.2375)",56583.275,2470.2375,175,1865192.5423468244
223,432,"Point(x=87379.7175, y=33238.005)",87379.7175,33238.005,28,1209807.4401139389
224,514,"Point(x=54474.645, y=85984.905)",54474.645,85984.905,23,1846299.2417700214
225,481,"Point(x=21224.6125, y=82907.01)",21224.6125,82907.01,62,1929840.8760202257
226,561,"Point(x=24812.66, y=66257.325)",24812.66,66257.325,32,2681737.0081932778
227,433,"Point(x=85595.88, y=19743.7825)",85595.88,19743.7825,134,854902.0818472968
228,496,"Point(x=60315.1375, y=281.53)",60315.1375,281.53,60,1155840.0433197974
229,492,"Point(x=75129.025, y=48004.3975)",75129.025,48004.3975,186,3167948.713816695
230,263,"Point(x=54725.8225, y=49817.1925)",54725.8225,49817.1925,55,1354011.0028435178
231,490,"Point(x=76720.2675, y=84360.685)",76720.2675,84360.685,177,1717484.4034453137
232,418,"Point(x=26164.8975, y=57811.505)",26164.8975,57811.505,32,940388.3700694684
233,591,"Point(x=4204.63, y=64239.0)",4204.63,64239.0,2,3005654.703678593
234,597,"Point(x=12504.0225, y=67559.7)",12504.0225,67559.7,160,3826028.560541427
235,547,"Point(x=26427.575, y=3257.255)",26427.575,3257.255,102,2899087.974403744
236,545,"Point(x=55036.945, y=82455.01)",55036.945,82455.01,23,2234369.982116789
237,387,"Point(x=34632.085, y=96838.12)",34632.085,96838.12,6,1827092.8024947543
238,488,"Point(x=24975.12, y=36290.4275)",24975.12,36290.4275,94,1161865.4125515418
239,417,"Point(x=54178.585, y=63481.3075)",54178.585,63481.3075,145,2132238.02198142
240,309,"Point(x=94107.0575, y=3755.345)",94107.0575,3755.345,14,483722.7692295885
241,512,"Point(x=48086.8925, y=33169.0125)",48086.8925,33169.0125,133,3656405.127224789
242,627,"Point(x=8848.055, y=82003.235)",8848.055,82003.235,123,1855391.933664178
243,567,"Point(x=72847.755, y=88943.7075)",72847.755,88943.7075,118,2884543.510426495
244,492,"Point(x=78874.9375, y=58809.7725)",78874.9375,58809.7725,167,2897696.156988939
245,449,"Point(x=3292.5525, y=918.0625)",3292.5525,918.0625,58,3529234.283830069
246,586,"Point(x=20037.2075, y=87360.025)",20037.2075,87360.025,100,1086493.3560581398
247,513,"Point(x=85193.31, y=9350.4325)",85193.31,9350.4325,106,2361660.296525314
248,595,"Point(x=23455.125, y=88809.7475)",23455.125,88809.7475,100,2937702.4744061623
249,591,"Point(x=65219.165, y=33567.6875)",65219.165,33567.6875,105,4380145.744905856
250,512,"Point(x=9493.035, y=68435.7325)",9493.035,68435.7325,197,4114164.2595437607
251,644,"Point(x=3799.385, y=92963.26)",3799.385,92963.26,45,2073534.7396165752
252,351,"Point(x=61363.84, y=42433.7725)",61363.84,42433.7725,151,2762174.5718098027
253,556,"Point(x=41427.75, y=52211.345)",41427.75,52211.345,35,3797308.7882882515
254,623,"Point(x=16423.76, y=86708.3425)",16423.76,86708.3425,53,1823582.5651013858
255,461,"Point(x=45923.8825, y=33648.335)",45923.8825,33648.335,133,1782555.9107537703
256,529,"Point(x=86686.22, y=21579.39)",86686.22,21579.39,134,362993.47836155293
257,440,"Point(x=78612.165, y=18331.7)",78612.165,18331.7,134,931668.945543315
258,415,"Point(x=4453.4425, y=38825.95)",4453.4425,38825.95,172,2152252.6211333754
259,470,"Point(x=23796.4625, y=42261.675)",23796.4625,42261.675,90,2211542.58396281
260,598,"Point(x=85161.25, y=86511.1775)",85161.25,86511.1775,89,2574381.9357456067
261,508,"Point(x=399.955, y=13790.21)",399.955,13790.21,9,816298.2481447387
262,534,"Point(x=79798.8225, y=45212.7)",79798.8225,45212.7,7,2261496.9720620494
263,570,"Point(x=69042.705, y=40664.42)",69042.705,40664.42,152,297029.1968843071
264,541,"Point(x=83418.585, y=34291.7525)",83418.585,34291.7525,43,1082793.9908290599
265,612,"Point(x=85962.655, y=29636.615)",85962.655,29636.615,28,1978850.3412738412
266,500,"Point(x=73026.6375, y=48565.6875)",73026.6375,48565.6875,186,2453673.1138954945
267,401,"Point(x=93669.0275, y=85763.83)",93669.0275,85763.83,180,1034015.2925927489
268,318,"Point(x=48795.7275, y=35137.94)",48795.7275,35137.94,133,2013961.2818551937
269,502,"Point(x=58639.4875, y=59382.695)",58639.4875,59382.695,145,414924.46385210555
270,536,"Point(x=71953.2325, y=97370.2975)",71953.2325,97370.2975,198,4197919.779371549
271,443,"Point(x=96245.455, y=11005.125)",96245.455,11005.125,188,1838039.4707518783
272,586,"Point(x=71474.1775, y=66624.3575)",71474.1775,66624.3575,126,3479442.7922148323
273,439,"Point(x=28388.4325, y=87610.27)",28388.4325,87610.27,153,2044999.615710954
274,457,"Point(x=70763.9425, y=62197.7075)",70763.9425,62197.7075,126,2731803.643126786
275,679,"Point(x=68746.0825, y=83183.725)",68746.0825,83183.725,42,3752666.8628732227
276,463,"Point(x=2153.0325, y=76025.9825)",2153.0325,76025.9825,4,3154486.4582298193
277,538,"Point(x=65747.4675, y=53819.04)",65747.4675,53819.04,164,1224789.4244368868
278,618,"Point(x=24152.79, y=19533.3775)",24152.79,19533.3775,21,1294155.6648676232
279,489,"Point(x=93036.5325, y=63679.85)",93036.5325,63679.85,132,3136249.4977159356
280,623,"Point(x=99655.3175, y=68915.68)",99655.3175,68915.68,108,3389416.333535515
281,687,"Point(x=18243.2575, y=70590.065)",18243.2575,70590.065,160,1350928.1410502149
282,528,"Point(x=9665.795, y=51531.7275)",9665.795,51531.7275,137,955645.6126685484
283,519,"Point(x=44388.585, y=83447.16)",44388.585,83447.16,84,1966561.6785529843
284,447,"Point(x=43763.7275, y=38614.4275)",43763.7275,38614.4275,193,713480.482298069
285,516,"Point(x=1852.2175, y=87309.365)",1852.2175,87309.365,45,1038858.1393096509
286,552,"Point(x=14540.495, y=11798.2975)",14540.495,11798.2975,147,1852314.7620150547
287,572,"Point(x=2744.5375, y=62879.035)",2744.5375,62879.035,2,4676665.36609345
288,424,"Point(x=24023.045, y=98891.325)",24023.045,98891.325,74,2586342.646545246
289,426,"Point(x=62181.77, y=62543.8425)",62181.77,62543.8425,116,2270701.6988457404
290,667,"Point(x=47042.515, y=95766.5875)",47042.515,95766.5875,12,5548576.676444621
291,484,"Point(x=6929.615, y=78974.0575)",6929.615,78974.0575,123,3146577.1233898667
292,495,"Point(x=56218.49, y=39928.2725)",56218.49,39928.2725,59,1264499.1489977022
293,602,"Point(x=32968.015, y=8204.6725)",32968.015,8204.6725,114,1569145.1416723887
294,628,"Point(x=8844.15, y=1331.2175)",8844.15,1331.2175,58,3244383.3157066326
295,446,"Point(x=39992.8725, y=96540.9225)",39992.8725,96540.9225,29,755810.50234626
296,617,"Point(x=77028.44, y=21544.69)",77028.44,21544.69,157,2465577.271844961
297,573,"Point(x=74252.89, y=58221.1575)",74252.89,58221.1575,167,3168751.6994980173
298,719,"Point(x=44080.5425, y=51990.9275)",44080.5425,51990.9275,35,3735397.4790909267
299,451,"Point(x=71539.1325, y=36865.2925)",71539.1325,36865.2925,152,2788305.2981861862
300,457,"Point(x=67421.88, y=43872.56)",67421.88,43872.56,151,1594743.7226251622
301,495,"Point(x=53945.1, y=21369.32)",53945.1,21369.32,78,3131598.0225804336
302,502,"Point(x=85208.5925, y=73574.4975)",85208.5925,73574.4975,20,1048801.2977091987
303,596,"Point(x=30124.055, y=27158.03)",30124.055,27158.03,21,1007775.079014101
304,423,"Point(x=49197.705, y=94666.3775)",49197.705,94666.3775,12,3480558.0607810114
305,594,"Point(x=62807.18, y=75992.615)",62807.18,75992.615,52,2449648.5317463083
306,563,"Point(x=56330.2, y=66636.67)",56330.2,66636.67,145,1712375.883942562
307,509,"Point(x=39273.1375, y=15074.87)",39273.1375,15074.87,46,1152466.149370695
308,526,"Point(x=50460.5775, y=20045.285)",50460.5775,20045.285,70,2817609.9678652906
309,522,"Point(x=16014.6725, y=9683.3075)",16014.6725,9683.3075,147,3130837.687612903
310,576,"Point(x=42128.7825, y=3118.38)",42128.7825,3118.38,18,3480078.8714528535
311,483,"Point(x=91092.565, y=24621.6775)",91092.565,24621.6775,120,1170331.8760036167
312,591,"Point(x=56562.9175, y=1297.865)",56562.9175,1297.865,175,1928866.7108739724
313,588,"Point(x=5735.5575, y=94257.935)",5735.5575,94257.935,26,1470744.062212251
314,444,"Point(x=48369.925, y=46038.53)",48369.925,46038.53,189,929360.5275365692
315,360,"Point(x=5492.5925, y=65920.59)",5492.5925,65920.59,160,503352.39687205624
316,458,"Point(x=13432.145, y=96191.4925)",13432.145,96191.4925,26,3392056.9040095736
317,505,"Point(x=12392.055, y=12474.915)",12392.055,12474.915,147,385332.6994257975
318,481,"Point(x=74164.6425, y=26284.1425)",74164.6425,26284.1425,190,2239372.852562144
319,540,"Point(x=12080.0025, y=53122.385)",12080.0025,53122.385,137,1173459.86235692
320,501,"Point(x=88020.28, y=31998.7525)",88020.28,31998.7525,28,1695004.3196315404
321,544,"Point(x=27802.7425, y=15031.7125)",27802.7425,15031.7125,16,1388811.3381561392
322,437,"Point(x=90467.0375, y=18454.2725)",90467.0375,18454.2725,179,2344608.2978501073
323,363,"Point(x=10738.575, y=11259.2875)",10738.575,11259.2875,27,1346127.7372210124
324,349,"Point(x=60431.26, y=59958.18)",60431.26,59958.18,116,852981.2619869822
325,539,"Point(x=30470.4425, y=10927.145)",30470.4425,10927.145,199,1499518.143602152
326,485,"Point(x=79749.89, y=34014.105)",79749.89,34014.105,101,2272371.636144857
327,415,"Point(x=94689.85, y=33363.395)",94689.85,33363.395,24,260581.45258095895
328,590,"Point(x=28466.7875, y=18992.44)",28466.7875,18992.44,135,1926488.2248150315
329,469,"Point(x=92178.4175, y=47722.6725)",92178.4175,47722.6725,141,1671752.718303588
330,587,"Point(x=63554.8975, y=57452.6975)",63554.8975,57452.6975,116,1692168.171921374
331,170,"Point(x=97925.125, y=19827.9275)",97925.125,19827.9275,120,414694.6542244363
332,414,"Point(x=68547.5625, y=88275.31)",68547.5625,88275.31,118,1147180.900745051
333,470,"Point(x=78120.08, y=95184.195)",78120.08,95184.195,196,1134187.812396282
334,360,"Point(x=53442.525, y=62630.3875)",53442.525,62630.3875,159,1314908.3492698797
335,470,"Point(x=78918.545, y=11426.225)",78918.545,11426.225,106,2289527.4550490277
336,587,"Point(x=15980.725, y=52775.6075)",15980.725,52775.6075,25,1884145.7151692242
337,575,"Point(x=23630.4575, y=12458.4125)",23630.4575,12458.4125,5,1591442.9270300237
338,635,"Point(x=56013.0675, y=60278.48)",56013.0675,60278.48,145,2568860.7276535556
339,405,"Point(x=38668.085, y=51273.5075)",38668.085,51273.5075,3,1662176.0061840327
340,445,"Point(x=92691.655, y=86900.0375)",92691.655,86900.0375,144,1907040.8143078298
341,525,"Point(x=73870.3275, y=13663.145)",73870.3275,13663.145,65,2512779.354843402
342,426,"Point(x=80779.4275, y=19491.3925)",80779.4275,19491.3925,134,1915900.7361322914
343,643,"Point(x=17248.6475, y=40847.195)",17248.6475,40847.195,96,2597013.4361931477
344,469,"Point(x=32066.17, y=99.5775)",32066.17,99.5775,102,1796514.0423471367
345,497,"Point(x=34511.4675, y=36760.4925)",34511.4675,36760.4925,71,1477429.217272575
346,578,"Point(x=47077.665, y=15158.505)",47077.665,15158.505,54,1385765.2374425398
347,465,"Point(x=79208.6525, y=87356.7475)",79208.6525,87356.7475,89,494739.6296587141
348,576,"Point(x=42720.1725, y=81820.2475)",42720.1725,81820.2475,84,2531202.367847329
349,617,"Point(x=30616.34, y=56571.275)",30616.34,56571.275,3,2374744.065769557
350,447,"Point(x=16705.4375, y=26198.3175)",16705.4375,26198.3175,168,1941642.488503731
351,608,"Point(x=31565.5975, y=69400.6675)",31565.5975,69400.6675,69,2482750.8152584606
352,416,"Point(x=3477.2425, y=18693.0275)",3477.2425,18693.0275,171,2049039.7069095236
353,548,"Point(x=15059.325, y=22643.675)",15059.325,22643.675,168,2997283.989013543
354,526,"Point(x=25064.25, y=70155.45)",25064.25,70155.45,69,2044307.8997018107
355,420,"Point(x=89463.6675, y=20492.57)",89463.6675,20492.57,179,1615268.2593978473
356,327,"Point(x=88265.72, y=9928.0175)",88265.72,9928.0175,106,419301.3068402813
357,536,"Point(x=30727.4025, y=21381.6675)",30727.4025,21381.6675,135,1919929.0696056117
358,526,"Point(x=99267.4375, y=72061.5625)",99267.4375,72061.5625,108,3489682.096045593
359,577,"Point(x=39887.9575, y=48863.1175)",39887.9575,48863.1175,35,2910619.3064986323
360,640,"Point(x=26436.025, y=40780.4375)",26436.025,40780.4375,125,1943390.8324036093
361,501,"Point(x=95740.7125, y=46747.515)",95740.7125,46747.515,141,4423730.190497632
362,239,"Point(x=21848.1025, y=46325.195)",21848.1025,46325.195,184,260116.84748203855
363,494,"Point(x=81275.25, y=84953.0125)",81275.25,84953.0125,89,1170897.012536225
364,429,"Point(x=73582.015, y=67833.3875)",73582.015,67833.3875,126,1902236.2917359618
365,564,"Point(x=36282.8325, y=31132.44)",36282.8325,31132.44,183,2729350.223458933
366,523,"Point(x=68753.345, y=60570.1675)",68753.345,60570.1675,126,1889077.5998760588
367,472,"Point(x=67557.245, y=61539.91)",67557.245,61539.91,116,1882265.6437191758
368,519,"Point(x=9647.635, y=22392.25)",9647.635,22392.25,171,2515637.554495884
369,404,"Point(x=84905.3475, y=94736.7775)",84905.3475,94736.7775,79,1612449.91427327
370,364,"Point(x=23988.705, y=8085.3425)",23988.705,8085.3425,5,606171.3010044115
371,577,"Point(x=42612.32, y=55108.835)",42612.32,55108.835,35,1763820.0782007272
372,523,"Point(x=20943.58, y=74320.36)",20943.58,74320.36,34,2177113.753434704
373,366,"Point(x=82225.7525, y=34176.7525)",82225.7525,34176.7525,101,741254.272721753
374,522,"Point(x=10699.96, y=68076.615)",10699.96,68076.615,197,3379387.887847586
375,535,"Point(x=45487.94, y=77252.5225)",45487.94,77252.5225,156,1625823.0501711385
376,561,"Point(x=50966.3125, y=15626.1)",50966.3125,15626.1,70,1528912.503370093
377,563,"Point(x=60442.1475, y=95827.94)",60442.1475,95827.94,68,2807124.0296287313
378,418,"Point(x=45309.335, y=76425.85)",45309.335,76425.85,156,1210142.8090196736
379,505,"Point(x=87008.0, y=97996.9175)",87008.0,97996.9175,79,3379298.0627378137
380,360,"Point(x=38380.13, y=91596.9725)",38380.13,91596.9725,29,2664529.6216632565
381,509,"Point(x=43533.4775, y=37073.805)",43533.4775,37073.805,71,150665.76928313286
382,384,"Point(x=67025.205, y=60148.0225)",67025.205,60148.0225,116,1325794.1011320013
383,462,"Point(x=17134.4825, y=91331.1575)",17134.4825,91331.1575,100,1306799.988110655
384,450,"Point(x=41049.0975, y=7520.4325)",41049.0975,7520.4325,66,706175.477205265
385,622,"Point(x=30704.68, y=50338.845)",30704.68,50338.845,64,601871.1479605553
386,492,"Point(x=24881.4725, y=66707.3175)",24881.4725,66707.3175,69,2177748.7270644126
387,493,"Point(x=99041.1275, y=55217.2625)",99041.1275,55217.2625,119,1598529.6125130695
388,254,"Point(x=30054.19, y=89198.145)",30054.19,89198.145,153,1145825.6839440092
389,415,"Point(x=25836.2925, y=70127.68)",25836.2925,70127.68,69,1630817.1272926014
390,651,"Point(x=23332.9575, y=14896.79)",23332.9575,14896.79,5,1502163.8064118107
391,513,"Point(x=82401.435, y=26110.37)",82401.435,26110.37,157,475621.39547435666
392,550,"Point(x=46681.15, y=33756.805)",46681.15,33756.805,133,2355114.5668145115
393,558,"Point(x=91690.7775, y=85791.97)",91690.7775,85791.97,89,1410253.2688831228
394,388,"Point(x=42066.3975, y=99922.625)",42066.3975,99922.625,12,939564.8212500006
395,492,"Point(x=10294.825, y=44627.665)",10294.825,44627.665,154,1224349.021550609
396,393,"Point(x=40220.4775, y=80275.9975)",40220.4775,80275.9975,84,1050877.1896823803
397,678,"Point(x=86064.435, y=74427.495)",86064.435,74427.495,20,1202767.396047266
398,275,"Point(x=68963.1375, y=50466.12)",68963.1375,50466.12,67,704207.6669944181
399,580,"Point(x=15752.395, y=42456.445)",15752.395,42456.445,96,2329078.023406361
400,593,"Point(x=22293.5925, y=1245.66)",22293.5925,1245.66,114,607299.4510514522
401,509,"Point(x=35336.245, y=71434.995)",35336.245,71434.995,92,758676.6351377368
402,275,"Point(x=17951.5125, y=40551.5325)",17951.5125,40551.5325,96,1060519.9483044262
403,495,"Point(x=7103.0875, y=89779.05)",7103.0875,89779.05,45,2369502.6550452565
404,566,"Point(x=40270.675, y=49024.5325)",40270.675,49024.5325,35,3009781.0202333922
405,605,"Point(x=93625.185, y=81908.41)",93625.185,81908.41,180,3072413.780114797
406,556,"Point(x=7566.545, y=59561.2475)",7566.545,59561.2475,137,2590728.5920097786
407,461,"Point(x=82627.6825, y=97166.9425)",82627.6825,97166.9425,79,2459584.930460739
408,693,"Point(x=69262.5825, y=25796.635)",69262.5825,25796.635,190,2092726.6237367566
409,567,"Point(x=73994.76, y=18369.64)",73994.76,18369.64,157,1623460.9033746505
410,476,"Point(x=67929.175, y=42289.7625)",67929.175,42289.7625,151,1583927.0230008126
411,535,"Point(x=84828.88, y=93872.3775)",84828.88,93872.3775,79,1418974.367791869
412,511,"Point(x=56348.26, y=8529.7875)",56348.26,8529.7875,175,3400583.4952730574
413,595,"Point(x=43301.705, y=31962.625)",43301.705,31962.625,183,2714598.6513965726
414,631,"Point(x=48358.1, y=43974.4575)",48358.1,43974.4575,193,1026888.3697275422
415,426,"Point(x=26418.8975, y=34753.0575)",26418.8975,34753.0575,94,1663125.1885589354
416,343,"Point(x=9186.1625, y=12623.17)",9186.1625,12623.17,27,959158.4725396876
417,536,"Point(x=47089.1225, y=95910.505)",47089.1225,95910.505,12,4439467.338442733
418,744,"Point(x=44158.865, y=55024.0725)",44158.865,55024.0725,189,1711940.4076393617
419,685,"Point(x=13454.2, y=45930.4825)",13454.2,45930.4825,178,3255934.5960425227
420,435,"Point(x=58151.91, y=79207.7625)",58151.91,79207.7625,139,1363745.587736848
421,637,"Point(x=35574.2725, y=71246.3025)",35574.2725,71246.3025,92,897330.9834078049
422,603,"Point(x=7882.765, y=11127.1475)",7882.765,11127.1475,27,3369187.3616689895
423,406,"Point(x=94518.6025, y=26674.275)",94518.6025,26674.275,24,724112.6373447373
424,394,"Point(x=41683.5675, y=97408.745)",41683.5675,97408.745,12,1031639.111608245
425,471,"Point(x=52316.0925, y=62584.2325)",52316.0925,62584.2325,159,1290639.126101585
426,619,"Point(x=45744.8625, y=16036.2625)",45744.8625,16036.2625,54,796959.4067816584
427,551,"Point(x=73684.0875, y=96641.25)",73684.0875,96641.25,198,3453934.034708389
428,583,"Point(x=7982.2725, y=70755.4175)",7982.2725,70755.4175,197,3731584.1999612246
429,526,"Point(x=65291.2875, y=42542.48)",65291.2875,42542.48,151,3551088.9193758024
430,553,"Point(x=60890.2175, y=64510.36)",60890.2175,64510.36,145,2173231.112966907
431,407,"Point(x=97550.235, y=19136.0325)",97550.235,19136.0325,120,889032.9860123598
432,588,"Point(x=91808.9225, y=54231.04)",91808.9225,54231.04,155,3631788.3585790223
433,410,"Point(x=98027.3925, y=89400.42)",98027.3925,89400.42,144,2361024.162583109
434,415,"Point(x=61006.57, y=88173.175)",61006.57,88173.175,23,2186654.242423602
435,577,"Point(x=35438.465, y=40118.5975)",35438.465,40118.5975,71,2189229.338015691
436,585,"Point(x=24721.02, y=72516.915)",24721.02,72516.915,69,1625971.8363348374
437,523,"Point(x=67396.79, y=74396.3975)",67396.79,74396.3975,52,2283308.8701262646
438,642,"Point(x=27382.4975, y=95130.57)",27382.4975,95130.57,153,1593080.2255332682
439,347,"Point(x=51771.195, y=65547.73)",51771.195,65547.73,159,1830345.26859538
440,396,"Point(x=73897.225, y=46450.3775)",73897.225,46450.3775,186,3306053.2464084434
441,714,"Point(x=96574.7, y=3812.7875)",96574.7,3812.7875,188,1670114.0398315643
442,553,"Point(x=34713.425, y=95820.5275)",34713.425,95820.5275,6,2506291.0153819644
443,560,"Point(x=28604.5275, y=56360.405)",28604.5275,56360.405,3,1147866.3025553601
444,409,"Point(x=52561.7975, y=61418.13)",52561.7975,61418.13,159,793948.6714523123
445,382,"Point(x=84098.1825, y=40664.095)",84098.1825,40664.095,43,3205416.744868256
446,320,"Point(x=98462.5275, y=6476.9025)",98462.5275,6476.9025,85,963690.0861411198
447,332,"Point(x=30011.1625, y=46516.6475)",30011.1625,46516.6475,64,469690.4884523831
448,584,"Point(x=29359.755, y=49843.435)",29359.755,49843.435,64,1008267.8992656576
449,183,"Point(x=70966.975, y=6206.9375)",70966.975,6206.9375,60,1023153.4323425572
450,331,"Point(x=40527.7475, y=0.0)",40527.7475,0.0,18,2248957.2589624785
451,506,"Point(x=55871.04, y=90423.515)",55871.04,90423.515,13,746080.762513935
452,453,"Point(x=79308.1225, y=41461.0675)",79308.1225,41461.0675,7,1370940.2812087506
453,446,"Point(x=2915.6625, y=7808.815)",2915.6625,7808.815,9,575685.758655994
454,536,"Point(x=57971.0225, y=73202.755)",57971.0225,73202.755,139,596855.5146154762
455,415,"Point(x=33872.62, y=33626.2675)",33872.62,33626.2675,73,537683.9877531478
456,579,"Point(x=21649.515, y=29465.6925)",21649.515,29465.6925,94,2418816.578784004
457,484,"Point(x=68082.74, y=76613.5075)",68082.74,76613.5075,42,1911649.7712696544
458,548,"Point(x=74098.8975, y=25161.4725)",74098.8975,25161.4725,190,2617041.732826051
459,418,"Point(x=12662.2025, y=91236.965)",12662.2025,91236.965,26,179981.72271801243
460,517,"Point(x=98340.635, y=7686.9275)",98340.635,7686.9275,188,1814892.7780127134
461,525,"Point(x=15241.47, y=80694.675)",15241.47,80694.675,34,1244575.780188729
462,543,"Point(x=84052.9075, y=47918.33)",84052.9075,47918.33,7,2645564.587199943
463,400,"Point(x=19705.005, y=71261.9475)",19705.005,71261.9475,34,324473.92201009137
464,606,"Point(x=92175.7825, y=61092.5925)",92175.7825,61092.5925,132,3580657.122315629
465,462,"Point(x=63442.95, y=80890.1775)",63442.95,80890.1775,42,2687250.2716764356
466,480,"Point(x=74625.2775, y=17672.625)",74625.2775,17672.625,65,1752070.604373352
467,522,"Point(x=54241.93, y=67629.515)",54241.93,67629.515,159,1489730.3771218744
468,485,"Point(x=79353.095, y=62395.545)",79353.095,62395.545,167,742412.0302413378
469,603,"Point(x=90547.965, y=7673.835)",90547.965,7673.835,85,3569461.23743546
470,521,"Point(x=91553.1425, y=5279.8625)",91553.1425,5279.8625,85,2677314.793948172
471,566,"Point(x=7222.7975, y=14589.0875)",7222.7975,14589.0875,27,849405.9643915704
472,464,"Point(x=7849.5575, y=58964.77)",7849.5575,58964.77,137,2577915.2328406153
473,635,"Point(x=2230.21, y=99067.5875)",2230.21,99067.5875,26,2052992.5828933576
474,499,"Point(x=37757.3225, y=16636.34)",37757.3225,16636.34,46,2089123.3599682418
475,471,"Point(x=75968.1875, y=35764.125)",75968.1875,35764.125,152,3729311.757265737
476,515,"Point(x=17417.985, y=51446.045)",17417.985,51446.045,25,2544302.5972421835
477,580,"Point(x=23554.23, y=46249.415)",23554.23,46249.415,184,450952.326278073
478,590,"Point(x=75035.5625, y=14310.6375)",75035.5625,14310.6375,65,1763372.829054817
479,352,"Point(x=34728.52, y=42522.1275)",34728.52,42522.1275,71,487607.1202726649
480,465,"Point(x=90272.96, y=47978.59)",90272.96,47978.59,155,421538.1580266281
481,424,"Point(x=74687.32, y=64298.3375)",74687.32,64298.3375,126,2464553.5022150497
482,638,"Point(x=53508.36, y=17541.295)",53508.36,17541.295,78,723061.1593551459
483,560,"Point(x=98644.0525, y=88120.6375)",98644.0525,88120.6375,144,2900570.720441478
484,562,"Point(x=82230.9825, y=28023.425)",82230.9825,28023.425,101,2160894.1645583543
485,563,"Point(x=47573.62, y=92198.4975)",47573.62,92198.4975,12,4845288.424211269
486,494,"Point(x=32993.0525, y=481.9725)",32993.0525,481.9725,102,1503582.484064689
487,464,"Point(x=87469.7275, y=93813.39)",87469.7275,93813.39,144,2965321.9434212777
488,514,"Point(x=57171.2325, y=93189.69)",57171.2325,93189.69,68,2006094.2277774704
489,425,"Point(x=11212.115, y=56614.15)",11212.115,56614.15,137,2303293.3552373513
490,509,"Point(x=50296.7425, y=93955.3725)",50296.7425,93955.3725,12,3120739.25368679
491,360,"Point(x=83228.485, y=91738.09)",83228.485,91738.09,196,639459.195225951
492,446,"Point(x=1695.8075, y=19868.7275)",1695.8075,19868.7275,171,2641021.6095433207
493,483,"Point(x=57388.3825, y=55537.36)",57388.3825,55537.36,30,2795927.648845784
494,537,"Point(x=94387.45, y=49234.15)",94387.45,49234.15,141,3504126.8832612224
495,581,"Point(x=56264.945, y=31021.3925)",56264.945,31021.3925,133,2309367.3464555247
496,616,"Point(x=30210.49, y=21253.5925)",30210.49,21253.5925,135,2176015.9597181836
497,575,"Point(x=36637.16, y=59983.5425)",36637.16,59983.5425,83,2210031.794358151
498,484,"Point(x=32856.875, y=59542.1675)",32856.875,59542.1675,3,2177767.5780664044
499,491,"Point(x=1336.5675, y=37336.1625)",1336.5675,37336.1625,172,1891118.7674131591
500,593,"Point(x=94564.9, y=65511.8675)",94564.9,65511.8675,132,1531787.7805405485
501,296,"Point(x=71527.79, y=48457.0825)",71527.79,48457.0825,186,889179.013566296
502,438,"Point(x=41361.635, y=20504.325)",41361.635,20504.325,44,1279051.8118310268
503,371,"Point(x=90198.57, y=91203.375)",90198.57,91203.375,144,2338871.3650617804
504,424,"Point(x=74477.7375, y=44650.855)",74477.7375,44650.855,186,3122210.690002617
505,609,"Point(x=63250.4525, y=69094.315)",63250.4525,69094.315,52,4023140.9106956823
506,566,"Point(x=32997.1125, y=69695.565)",32997.1125,69695.565,69,1820220.8012068905
507,598,"Point(x=99209.1775, y=60884.895)",99209.1775,60884.895,119,5709905.015893082
508,431,"Point(x=39621.0625, y=90999.97)",39621.0625,90999.97,29,2552213.0922516836
509,607,"Point(x=99558.085, y=10286.785)",99558.085,10286.785,85,2377321.701118261
510,493,"Point(x=83131.53, y=65203.8625)",83131.53,65203.8625,149,1314366.13162702
511,559,"Point(x=98200.205, y=87669.78)",98200.205,87669.78,144,2740181.198950694
512,134,"Point(x=437.175, y=90037.8375)",437.175,90037.8375,45,405224.7877120767
513,507,"Point(x=81356.5525, y=84330.99)",81356.5525,84330.99,89,861188.2363388687
514,558,"Point(x=4573.8625, y=87261.3225)",4573.8625,87261.3225,45,1898669.2704853634
515,648,"Point(x=79597.395, y=2285.1275)",79597.395,2285.1275,176,4534798.919303881
516,467,"Point(x=73731.8925, y=16748.0325)",73731.8925,16748.0325,65,2237182.6816776665
517,591,"Point(x=10826.47, y=74785.63)",10826.47,74785.63,197,1612475.6451639582
518,580,"Point(x=54354.01, y=41636.0)",54354.01,41636.0,162,1792900.3111057023
519,528,"Point(x=80175.245, y=6725.0825)",80175.245,6725.0825,95,1951840.1164710862
520,572,"Point(x=20600.9575, y=88005.18)",20600.9575,88005.18,100,1882088.2652795953
521,524,"Point(x=21353.3, y=69307.285)",21353.3,69307.285,160,2527859.861544748
522,409,"Point(x=28578.5575, y=2096.24)",28578.5575,2096.24,102,2748945.1037472626
523,407,"Point(x=74022.18, y=12228.8225)",74022.18,12228.8225,65,1244380.9673823777
524,620,"Point(x=57565.95, y=6727.015)",57565.95,6727.015,175,3441658.3880728413
525,653,"Point(x=82066.2625, y=46752.8125)",82066.2625,46752.8125,7,2642159.5272365483
526,412,"Point(x=98709.0, y=2410.1)",98709.0,2410.1,188,1705400.708506661
527,722,"Point(x=10586.375, y=79794.5675)",10586.375,79794.5675,123,2963034.345657305
528,358,"Point(x=92856.21, y=81562.4025)",92856.21,81562.4025,180,1966552.2100756878
529,599,"Point(x=6316.4175, y=8057.88)",6316.4175,8057.88,9,2562868.783253866
530,407,"Point(x=26099.5225, y=27865.0)",26099.5225,27865.0,21,2184995.615603512
531,515,"Point(x=99891.6125, y=65015.7375)",99891.6125,65015.7375,119,2508269.104186688
532,402,"Point(x=9939.9175, y=45127.08)",9939.9175,45127.08,154,1302987.9597176057
533,403,"Point(x=31870.665, y=58253.34)",31870.665,58253.34,3,1752237.3290166298
534,380,"Point(x=98277.22, y=89413.24)",98277.22,89413.24,144,2155280.8475864828
535,482,"Point(x=5753.9125, y=11164.7125)",5753.9125,11164.7125,27,2537543.674737733
536,484,"Point(x=49525.01, y=68533.9875)",49525.01,68533.9875,159,951295.1885231518
537,426,"Point(x=86450.6625, y=44389.255)",86450.6625,44389.255,43,2860649.3865234405
538,569,"Point(x=9137.0325, y=85559.3975)",9137.0325,85559.3975,45,2751742.419570202
539,515,"Point(x=70677.655, y=45800.915)",70677.655,45800.915,186,2113785.4232282583
540,579,"Point(x=93157.43, y=94220.025)",93157.43,94220.025,144,4723396.51889421
541,576,"Point(x=4143.9925, y=83080.565)",4143.9925,83080.565,123,757874.017596228
542,293,"Point(x=45920.745, y=22485.8575)",45920.745,22485.8575,70,423427.50089791685
543,581,"Point(x=74605.38, y=78052.88)",74605.38,78052.88,97,2234526.452466103
544,652,"Point(x=14029.5575, y=22996.4525)",14029.5575,22996.4525,168,2389398.0594764454
545,473,"Point(x=63325.835, y=80382.17)",63325.835,80382.17,42,2428934.3658844056
546,541,"Point(x=35002.6525, y=41354.2775)",35002.6525,41354.2775,71,1265262.1909167015
547,632,"Point(x=25290.305, y=79830.19)",25290.305,79830.19,62,843828.8991052534
548,477,"Point(x=93332.0125, y=25238.09)",93332.0125,25238.09,120,1201744.2791721276
549,465,"Point(x=66659.45, y=655.4125)",66659.45,655.4125,60,2509630.472486837
550,660,"Point(x=61640.3, y=9051.2)",61640.3,9051.2,36,538519.1859824446
551,554,"Point(x=17045.4125, y=70088.4675)",17045.4125,70088.4675,197,1139764.0903629076
552,424,"Point(x=53154.935, y=60825.2775)",53154.935,60825.2775,145,1167403.6234852485
553,509,"Point(x=37963.6175, y=45188.3475)",37963.6175,45188.3475,71,527539.0417766892
554,481,"Point(x=66576.6625, y=14546.28)",66576.6625,14546.28,72,1373897.4070733995
555,458,"Point(x=73748.6025, y=83202.4475)",73748.6025,83202.4475,177,1840172.1097019035
556,653,"Point(x=5535.4625, y=64294.155)",5535.4625,64294.155,2,2007762.042063878
557,511,"Point(x=79740.275, y=53764.1575)",79740.275,53764.1575,167,2153384.6959019224
558,486,"Point(x=51196.8025, y=18134.38)",51196.8025,18134.38,70,1706035.0337359721
559,404,"Point(x=7537.455, y=15306.8325)",7537.455,15306.8325,158,559762.166957831
560,496,"Point(x=55859.34, y=74275.065)",55859.34,74275.065,139,2871204.0462085144
561,506,"Point(x=31806.885, y=22839.225)",31806.885,22839.225,135,1625320.8375141167
562,395,"Point(x=41298.4575, y=87663.32)",41298.4575,87663.32,29,1298266.2002590403
563,489,"Point(x=71378.47, y=48458.605)",71378.47,48458.605,186,1361254.7702514757
564,605,"Point(x=64998.2225, y=84315.3825)",64998.2225,84315.3825,42,3259434.424773476
565,468,"Point(x=96378.75, y=38246.9675)",96378.75,38246.9675,130,3613346.9234367446
566,490,"Point(x=34588.2125, y=93318.8825)",34588.2125,93318.8825,6,1301812.6313289257
567,397,"Point(x=95169.985, y=70570.4625)",95169.985,70570.4625,108,3102570.515024116
568,295,"Point(x=38049.7725, y=77459.37)",38049.7725,77459.37,92,771720.4072872621
569,639,"Point(x=44118.2425, y=57144.6025)",44118.2425,57144.6025,166,1381367.5597079059
570,617,"Point(x=23809.4025, y=30882.0425)",23809.4025,30882.0425,94,3274210.866045158
571,454,"Point(x=48005.945, y=8112.4625)",48005.945,8112.4625,66,1298768.3630654388
572,434,"Point(x=83146.09, y=27765.57)",83146.09,27765.57,101,1115930.6482449046
573,340,"Point(x=24379.19, y=77013.875)",24379.19,77013.875,62,200139.40916078692
574,546,"Point(x=53801.29, y=51051.8225)",53801.29,51051.8225,55,3359056.297706013
575,486,"Point(x=23334.445, y=62214.63)",23334.445,62214.63,165,3122940.674356815
576,446,"Point(x=39562.4325, y=78984.5575)",39562.4325,78984.5575,92,557847.3819461255
577,528,"Point(x=78225.49, y=1061.1625)",78225.49,1061.1625,176,4330771.991884553
578,384,"Point(x=84315.895, y=10378.365)",84315.895,10378.365,106,2074057.6139600473
579,534,"Point(x=22732.1075, y=70996.1025)",22732.1075,70996.1025,34,1118043.9711303117
580,499,"Point(x=64201.6625, y=15060.9575)",64201.6625,15060.9575,72,2308544.792292647
581,629,"Point(x=18497.72, y=20177.125)",18497.72,20177.125,168,1831861.0774134968
582,502,"Point(x=27137.0775, y=18566.6075)",27137.0775,18566.6075,135,987561.8410897945
583,530,"Point(x=6590.47, y=63520.82)",6590.47,63520.82,2,1495133.89014832
584,639,"Point(x=59952.4825, y=93026.265)",59952.4825,93026.265,68,3380668.2887760773
585,542,"Point(x=84273.3825, y=65633.38)",84273.3825,65633.38,149,985184.7648636639
586,626,"Point(x=71042.2975, y=96263.8475)",71042.2975,96263.8475,198,4147958.5571075953
587,593,"Point(x=90918.8375, y=71380.2425)",90918.8375,71380.2425,180,2933414.1932471204
588,620,"Point(x=68773.4275, y=42872.425)",68773.4275,42872.425,151,1540153.4650318904
589,428,"Point(x=4587.7375, y=56251.7525)",4587.7375,56251.7525,137,1892375.0805435968
590,473,"Point(x=94822.2525, y=30358.35)",94822.2525,30358.35,24,1440029.3602584442
591,659,"Point(x=19467.505, y=69751.47)",19467.505,69751.47,160,2404239.7957180296
592,397,"Point(x=89810.9575, y=13473.015)",89810.9575,13473.015,185,1469075.0491178303
593,483,"Point(x=83701.725, y=85705.02)",83701.725,85705.02,89,2276263.9827484507
594,458,"Point(x=3381.005, y=36666.4125)",3381.005,36666.4125,172,1573974.5862963912
595,450,"Point(x=75126.295, y=1746.8025)",75126.295,1746.8025,176,2454054.3340989538
596,632,"Point(x=32030.2175, y=79106.975)",32030.2175,79106.975,140,1054358.664299544
597,248,"Point(x=84825.3625, y=33586.005)",84825.3625,33586.005,101,437122.91172889643
598,549,"Point(x=42392.775, y=62779.455)",42392.775,62779.455,166,442078.27319514623
599,564,"Point(x=14381.0275, y=17963.82)",14381.0275,17963.82,158,3351836.850427225
600,622,"Point(x=77936.1025, y=20037.285)",77936.1025,20037.285,157,1774241.8074866515
601,438,"Point(x=26654.275, y=5151.7225)",26654.275,5151.7225,114,1497122.5908544983
602,619,"Point(x=14837.4625, y=68930.8575)",14837.4625,68930.8575,160,2437388.7591012223
603,409,"Point(x=52601.2825, y=76556.8225)",52601.2825,76556.8225,139,1680134.5878906874
604,420,"Point(x=34450.5175, y=4081.805)",34450.5175,4081.805,114,1318221.6476491774
605,436,"Point(x=35948.9175, y=26038.075)",35948.9175,26038.075,183,1023077.7734605209
606,551,"Point(x=29941.6475, y=34037.12)",29941.6475,34037.12,73,1091174.9837101463
607,703,"Point(x=47746.56, y=5181.39)",47746.56,5181.39,66,5154752.6675506905
608,422,"Point(x=14859.9575, y=72143.595)",14859.9575,72143.595,34,699092.0462453088
609,574,"Point(x=98346.6725, y=9633.0825)",98346.6725,9633.0825,188,2294818.4511630447
610,489,"Point(x=41216.9075, y=24767.8625)",41216.9075,24767.8625,44,983235.7557657509
611,348,"Point(x=11441.9575, y=22693.065)",11441.9575,22693.065,171,889557.889649332
612,485,"Point(x=42275.005, y=36454.755)",42275.005,36454.755,183,1237573.9636927652
613,445,"Point(x=42018.68, y=29384.885)",42018.68,29384.885,183,2602904.64699563
614,651,"Point(x=74015.5075, y=18725.585)",74015.5075,18725.585,157,1444611.4981276735
615,549,"Point(x=35820.6575, y=52044.5025)",35820.6575,52044.5025,3,1910168.4065389766
616,474,"Point(x=98562.7575, y=67614.425)",98562.7575,67614.425,119,1784955.8379190615
617,473,"Point(x=99803.8375, y=44721.745)",99803.8375,44721.745,141,5442977.995066895
618,441,"Point(x=96216.7825, y=76049.1475)",96216.7825,76049.1475,108,4015380.8833366074
619,545,"Point(x=97821.36, y=74490.405)",97821.36,74490.405,108,4794141.850093682
620,603,"Point(x=3152.24, y=22143.945)",3152.24,22143.945,171,3876142.573851253
621,591,"Point(x=65117.81, y=19174.7975)",65117.81,19174.7975,72,3893928.091064591
622,386,"Point(x=83829.435, y=36746.21)",83829.435,36746.21,43,1769358.2046860084
623,533,"Point(x=69482.685, y=55576.595)",69482.685,55576.595,98,269399.6745172217
624,461,"Point(x=3221.4675, y=47762.375)",3221.4675,47762.375,112,2953427.5760786845
625,532,"Point(x=36048.3325, y=94383.4675)",36048.3325,94383.4675,6,1898395.3007054608
626,540,"Point(x=2684.4825, y=54488.6325)",2684.4825,54488.6325,137,756235.9663237422
627,531,"Point(x=81725.3325, y=4557.7675)",81725.3325,4557.7675,95,1579815.9383579637
628,356,"Point(x=1497.9825, y=79806.2975)",1497.9825,79806.2975,4,3382815.2668473553
629,531,"Point(x=72956.6675, y=76530.89)",72956.6675,76530.89,97,2018164.916719576
630,412,"Point(x=26807.31, y=62756.2375)",26807.31,62756.2375,32,1049986.0603045716
631,360,"Point(x=68444.36, y=18369.9875)",68444.36,18369.9875,65,1809688.2455615904
632,492,"Point(x=28452.325, y=61227.0075)",28452.325,61227.0075,3,740081.3225290655
633,498,"Point(x=22762.075, y=69721.73)",22762.075,69721.73,160,1825400.6986072646
634,469,"Point(x=5389.3725, y=97429.96)",5389.3725,97429.96,26,1730059.7614308395
635,655,"Point(x=42161.9125, y=99741.1125)",42161.9125,99741.1125,12,1719681.8927208094
636,446,"Point(x=34014.795, y=22594.9275)",34014.795,22594.9275,135,1133308.30488308
637,463,"Point(x=74976.495, y=8076.285)",74976.495,8076.285,95,165664.8141008101
638,456,"Point(x=79398.8125, y=32947.865)",79398.8125,32947.865,101,2457839.4002794027
639,671,"Point(x=87363.965, y=21031.2)",87363.965,21031.2,185,589733.7909300484
640,480,"Point(x=95920.45, y=16618.68)",95920.45,16618.68,179,644123.7659518083
641,446,"Point(x=63271.705, y=21937.295)",63271.705,21937.295,72,2069935.3405520965
642,529,"Point(x=77993.77, y=67655.9675)",77993.77,67655.9675,149,715943.038080186
643,661,"Point(x=32698.26, y=16298.355)",32698.26,16298.355,199,2184065.8783861394
644,361,"Point(x=67072.275, y=19979.84)",67072.275,19979.84,72,1261035.1201975544
645,364,"Point(x=75112.49, y=94930.1375)",75112.49,94930.1375,198,871584.0476509654
646,450,"Point(x=92672.065, y=72856.4925)",92672.065,72856.4925,180,3195230.6788378665
647,477,"Point(x=11486.2175, y=35083.555)",11486.2175,35083.555,121,1900853.9123811615
648,587,"Point(x=23287.005, y=29806.0325)",23287.005,29806.0325,94,3013701.7892941963
649,629,"Point(x=7721.065, y=31062.7175)",7721.065,31062.7175,49,3554391.0403717076
650,714,"Point(x=83378.1975, y=22318.455)",83378.1975,22318.455,134,2769596.877480724
651,539,"Point(x=15927.175, y=37684.22)",15927.175,37684.22,96,2432808.2149797063
652,306,"Point(x=31902.1425, y=16186.995)",31902.1425,16186.995,199,1035846.0381450116
653,337,"Point(x=48340.8925, y=9190.6525)",48340.8925,9190.6525,66,339248.1070847882
654,465,"Point(x=57735.745, y=17042.24)",57735.745,17042.24,72,203638.49425497226
655,507,"Point(x=15277.395, y=72204.49)",15277.395,72204.49,34,552808.3070631274
656,634,"Point(x=50331.0275, y=40407.5075)",50331.0275,40407.5075,162,5079600.92188976
657,447,"Point(x=93903.87, y=13833.6825)",93903.87,13833.6825,179,657665.7924604598
658,507,"Point(x=42631.97, y=75083.105)",42631.97,75083.105,92,1130217.8063547243
659,560,"Point(x=63528.82, y=90780.705)",63528.82,90780.705,68,3369807.5300059156
660,525,"Point(x=63736.9175, y=82446.4675)",63736.9175,82446.4675,42,3556894.721677205
661,325,"Point(x=14948.9825, y=33735.8275)",14948.9825,33735.8275,121,2003717.4713624537
662,603,"Point(x=43707.8925, y=41793.43)",43707.8925,41793.43,193,2696294.031091193
663,462,"Point(x=80528.145, y=53099.325)",80528.145,53099.325,167,1319698.4275505797
664,464,"Point(x=25788.7575, y=47942.66)",25788.7575,47942.66,47,153224.92783553785
665,609,"Point(x=21146.885, y=65000.91)",21146.885,65000.91,165,3828678.4195184186
666,747,"Point(x=3977.3725, y=64989.715)",3977.3725,64989.715,2,3363162.17122639
667,414,"Point(x=87277.07, y=24577.77)",87277.07,24577.77,28,204847.21387338947
668,328,"Point(x=39535.2425, y=46567.2225)",39535.2425,46567.2225,193,726774.0966310163
669,578,"Point(x=84440.0825, y=7893.945)",84440.0825,7893.945,106,2125280.564459633
670,548,"Point(x=8986.27, y=14501.42)",8986.27,14501.42,158,1062231.7813886562
671,395,"Point(x=83464.98, y=9190.5025)",83464.98,9190.5025,106,2085827.439583873
672,479,"Point(x=91128.155, y=44601.095)",91128.155,44601.095,141,1332373.9356924025
673,613,"Point(x=45288.91, y=35701.915)",45288.91,35701.915,162,815758.2078419426
674,357,"Point(x=86806.9625, y=36708.045)",86806.9625,36708.045,43,2140955.1592288376
675,510,"Point(x=24327.09, y=15075.1775)",24327.09,15075.1775,51,757100.2272426394
676,476,"Point(x=12641.875, y=96133.3375)",12641.875,96133.3375,26,3514284.0071246326
677,503,"Point(x=8113.3875, y=61968.08)",8113.3875,61968.08,137,624659.9794514793
678,455,"Point(x=37350.835, y=45919.37)",37350.835,45919.37,71,873055.0421701964
679,578,"Point(x=23987.385, y=25023.4175)",23987.385,25023.4175,21,4077263.954161943
680,377,"Point(x=58929.5425, y=11794.21)",58929.5425,11794.21,36,1045268.7926292819
681,416,"Point(x=63963.54, y=4335.5025)",63963.54,4335.5025,60,1950272.8294231682
682,613,"Point(x=39280.9425, y=14688.975)",39280.9425,14688.975,46,1373651.949746873
683,604,"Point(x=70101.68, y=62146.965)",70101.68,62146.965,126,3493972.7810563385
684,644,"Point(x=94544.295, y=8073.855)",94544.295,8073.855,85,3072199.2601215914
685,628,"Point(x=13582.1425, y=87865.3575)",13582.1425,87865.3575,53,3503182.645919403
686,582,"Point(x=90590.345, y=3374.56)",90590.345,3374.56,14,2347149.0340452255
687,498,"Point(x=60147.795, y=50133.435)",60147.795,50133.435,30,799433.9629732062
688,451,"Point(x=39590.9575, y=40016.6075)",39590.9575,40016.6075,71,1976205.1097822743
689,363,"Point(x=98546.66, y=41846.11)",98546.66,41846.11,141,3465661.8996041687
690,404,"Point(x=15318.7875, y=45297.1075)",15318.7875,45297.1075,178,1977973.7380415287
691,556,"Point(x=12631.995, y=74559.8925)",12631.995,74559.8925,197,1021253.7477847537
692,395,"Point(x=5755.185, y=2865.69)",5755.185,2865.69,58,2160642.420618801
693,435,"Point(x=2959.5475, y=15887.015)",2959.5475,15887.015,158,685530.8679394356
694,394,"Point(x=16322.8475, y=46866.3925)",16322.8475,46866.3925,178,1988090.7197005046
695,427,"Point(x=57448.7775, y=37992.0325)",57448.7775,37992.0325,59,670991.2937903318
696,463,"Point(x=96504.48, y=12372.685)",96504.48,12372.685,179,1058728.4530973558
697,446,"Point(x=81133.0275, y=54251.5375)",81133.0275,54251.5375,167,1159834.3867386633
698,352,"Point(x=13961.8625, y=18456.3175)",13961.8625,18456.3175,158,1887142.913205445
699,429,"Point(x=47277.08, y=1305.92)",47277.08,1305.92,66,2584510.93773634
700,531,"Point(x=23299.18, y=75423.9675)",23299.18,75423.9675,34,612085.1826783346
701,411,"Point(x=18580.9975, y=19826.175)",18580.9975,19826.175,158,1096521.6388898396
702,511,"Point(x=58227.095, y=10891.905)",58227.095,10891.905,36,2004655.7964064337
703,623,"Point(x=24752.765, y=65753.4925)",24752.765,65753.4925,165,3373886.9461294827
704,536,"Point(x=20325.31, y=86588.1225)",20325.31,86588.1225,100,535512.8680916715
705,450,"Point(x=18445.3625, y=65069.3875)",18445.3625,65069.3875,165,3548228.2183709433
706,362,"Point(x=54599.565, y=46132.37)",54599.565,46132.37,55,1468699.484270426
707,654,"Point(x=27608.7725, y=85680.89)",27608.7725,85680.89,153,2656283.7783261174
708,496,"Point(x=33223.885, y=13459.685)",33223.885,13459.685,199,1900564.422153772
709,476,"Point(x=29790.6175, y=48099.9125)",29790.6175,48099.9125,64,760232.5265258249
710,415,"Point(x=143.0525, y=70106.5775)",143.0525,70106.5775,197,756592.9139951437
711,515,"Point(x=29261.4025, y=6694.2925)",29261.4025,6694.2925,114,2066780.0029431386
712,501,"Point(x=45071.6075, y=62186.32)",45071.6075,62186.32,166,2630038.88937517
713,511,"Point(x=24465.345, y=14780.295)",24465.345,14780.295,51,841328.3715223346
714,538,"Point(x=1810.1775, y=67301.905)",1810.1775,67301.905,2,2161226.1703127255
715,428,"Point(x=16279.1125, y=27492.7575)",16279.1125,27492.7575,168,1353056.5369510343
716,674,"Point(x=47014.9375, y=10251.8025)",47014.9375,10251.8025,54,1360020.5859627426
717,535,"Point(x=64204.805, y=21920.3525)",64204.805,21920.3525,72,2593230.597931008
718,406,"Point(x=20216.5575, y=27998.61)",20216.5575,27998.61,21,689261.0848505403
719,456,"Point(x=78206.1275, y=21617.71)",78206.1275,21617.71,157,1442465.3880293306
720,508,"Point(x=25237.415, y=11550.8775)",25237.415,11550.8775,51,535250.2047852409
721,515,"Point(x=87801.8575, y=76088.865)",87801.8575,76088.865,180,2406371.2527341535
722,611,"Point(x=76681.255, y=30156.9175)",76681.255,30156.9175,101,2677675.4753366876
723,555,"Point(x=66858.2625, y=84694.45)",66858.2625,84694.45,42,3134421.8274136153
724,735,"Point(x=68835.02, y=55145.3225)",68835.02,55145.3225,98,370451.8566308828
725,383,"Point(x=73119.6025, y=91403.7325)",73119.6025,91403.7325,118,1394328.5461373366
726,480,"Point(x=526.41, y=75639.245)",526.41,75639.245,4,3803667.93161236
727,620,"Point(x=87843.34, y=34618.3125)",87843.34,34618.3125,43,2298079.5864912802
728,583,"Point(x=60375.89, y=68662.1975)",60375.89,68662.1975,52,2375785.497966136
729,536,"Point(x=56965.6575, y=38594.8975)",56965.6575,38594.8975,59,1023483.2180920771
730,444,"Point(x=25741.0025, y=39271.9725)",25741.0025,39271.9725,90,1294369.8905217538
731,676,"Point(x=92754.0175, y=9669.76)",92754.0175,9669.76,85,3477550.613289207
732,719,"Point(x=8475.6875, y=6956.4425)",8475.6875,6956.4425,9,4019818.046263831
733,503,"Point(x=16917.485, y=77828.175)",16917.485,77828.175,34,3714715.6303366474
734,464,"Point(x=32239.6125, y=37.76)",32239.6125,37.76,102,1671623.7196268498
735,464,"Point(x=68861.64, y=72031.3725)",68861.64,72031.3725,52,1487327.0959318564
736,579,"Point(x=26422.155, y=7604.9575)",26422.155,7604.9575,51,180556.79352518456
737,324,"Point(x=71382.385, y=7769.8275)",71382.385,7769.8275,60,1898322.5666561786
738,274,"Point(x=71772.8975, y=42712.9875)",71772.8975,42712.9875,186,1374381.2002166428
739,521,"Point(x=13133.5425, y=75025.69)",13133.5425,75025.69,34,790801.1336148131
740,401,"Point(x=70032.625, y=2517.0025)",70032.625,2517.0025,60,2027038.229286461
741,469,"Point(x=97712.4975, y=14825.835)",97712.4975,14825.835,185,450540.9234287867
742,576,"Point(x=69757.04, y=8681.395)",69757.04,8681.395,60,4880372.563660361
743,398,"Point(x=17707.59, y=7138.295)",17707.59,7138.295,147,1934468.7422412566
744,529,"Point(x=68721.365, y=44247.5575)",68721.365,44247.5575,186,975637.6484633408
745,528,"Point(x=95979.8825, y=92957.46)",95979.8825,92957.46,144,3916632.9214962064
746,462,"Point(x=94072.22, y=28767.6825)",94072.22,28767.6825,24,1145398.8595683263
747,585,"Point(x=43165.7175, y=47866.0425)",43165.7175,47866.0425,189,1239808.5514666107
748,420,"Point(x=12481.4725, y=56610.0425)",12481.4725,56610.0425,137,1584454.5188985486
749,409,"Point(x=25071.1175, y=90972.8375)",25071.1175,90972.8375,153,1589165.9247701576
750,478,"Point(x=37015.4575, y=86946.51)",37015.4575,86946.51,84,567144.2191683123
751,468,"Point(x=59789.6275, y=51554.5175)",59789.6275,51554.5175,30,1616385.5598051897
752,639,"Point(x=30440.725, y=69151.6)",30440.725,69151.6,69,2897943.6545856837
753,443,"Point(x=52068.865, y=79886.3125)",52068.865,79886.3125,139,1382572.432868882
754,425,"Point(x=31776.5325, y=27386.74)",31776.5325,27386.74,94,209179.0575907041
755,354,"Point(x=16609.6175, y=5953.735)",16609.6175,5953.735,147,1131198.6529070812
756,572,"Point(x=76142.745, y=18965.645)",76142.745,18965.645,157,1136148.3561722666
757,680,"Point(x=17522.385, y=21852.26)",17522.385,21852.26,168,3053362.6493919357
758,513,"Point(x=1437.905, y=11184.2675)",1437.905,11184.2675,27,1521735.1278478624
759,553,"Point(x=31107.1525, y=42399.44)",31107.1525,42399.44,125,2131741.20708565
760,481,"Point(x=93083.1525, y=98124.56)",93083.1525,98124.56,144,3835484.3479934363
761,470,"Point(x=88161.0175, y=14125.105)",88161.0175,14125.105,185,1555680.8477181508
762,626,"Point(x=64181.0325, y=59563.0375)",64181.0325,59563.0375,116,3767849.7827209467
763,466,"Point(x=63290.2875, y=80101.73)",63290.2875,80101.73,42,2266468.89883148
764,591,"Point(x=1815.1675, y=37197.7675)",1815.1675,37197.7675,172,2262877.7530925646
765,466,"Point(x=37081.7025, y=79561.385)",37081.7025,79561.385,140,977343.4634831324
766,619,"Point(x=23056.1375, y=32307.025)",23056.1375,32307.025,94,4178329.101696664
767,467,"Point(x=86382.845, y=43866.4225)",86382.845,43866.4225,43,3420268.8643551483
768,597,"Point(x=63659.0075, y=72543.8825)",63659.0075,72543.8825,52,5025075.490092955
769,434,"Point(x=94563.2975, y=12345.5175)",94563.2975,12345.5175,179,620327.9383546205
770,665,"Point(x=12373.2, y=26001.335)",12373.2,26001.335,171,2252021.986570167
771,218,"Point(x=56646.645, y=30022.7825)",56646.645,30022.7825,133,525520.4594115905
772,448,"Point(x=44541.4175, y=29962.49)",44541.4175,29962.49,133,2428450.571776286
773,564,"Point(x=33413.2675, y=28867.2075)",33413.2675,28867.2075,183,1359211.5383807744
774,486,"Point(x=69358.04, y=26668.0225)",69358.04,26668.0225,190,1573077.0552087775
775,619,"Point(x=27212.1875, y=9426.8675)",27212.1875,9426.8675,51,369144.173942392
776,402,"Point(x=72791.2125, y=41047.205)",72791.2125,41047.205,152,2165464.8086774815
777,662,"Point(x=34441.2275, y=69362.1125)",34441.2275,69362.1125,83,1545189.694770636
778,540,"Point(x=24578.315, y=62284.3525)",24578.315,62284.3525,165,2923989.9071384324
779,459,"Point(x=55815.73, y=6341.9375)",55815.73,6341.9375,175,2225123.087021612
780,704,"Point(x=48575.975, y=92301.8525)",48575.975,92301.8525,12,6225294.300089568
781,304,"Point(x=1301.32, y=45323.0125)",1301.32,45323.0125,112,901043.9513508013
782,558,"Point(x=15033.53, y=12410.5425)",15033.53,12410.5425,147,2097983.7718903213
783,389,"Point(x=60831.5375, y=36039.2125)",60831.5375,36039.2125,105,375484.0269346894
784,681,"Point(x=12831.045, y=94132.05)",12831.045,94132.05,26,3504209.6495801266
785,613,"Point(x=47283.685, y=54360.5675)",47283.685,54360.5675,189,1089642.7243307612
786,534,"Point(x=3772.86, y=49373.85)",3772.86,49373.85,112,2880581.8234454417
787,388,"Point(x=99708.545, y=50720.9525)",99708.545,50720.9525,141,1918033.8990240842
788,608,"Point(x=49085.6, y=79093.7775)",49085.6,79093.7775,156,922378.6358671661
789,599,"Point(x=42921.22, y=90240.7975)",42921.22,90240.7975,12,1925681.8188009234
790,377,"Point(x=94737.4875, y=33181.82)",94737.4875,33181.82,24,342242.96310815157
791,620,"Point(x=72487.535, y=26361.6975)",72487.535,26361.6975,190,3284340.8779804506
792,485,"Point(x=32515.585, y=14902.895)",32515.585,14902.895,199,2064967.157336016
793,485,"Point(x=97889.43, y=78508.6025)",97889.43,78508.6025,108,4066118.86356262
794,465,"Point(x=16289.1925, y=44354.71)",16289.1925,44354.71,178,2052197.1505427875
795,489,"Point(x=83750.1275, y=95673.8675)",83750.1275,95673.8675,79,2161713.3851589197
796,656,"Point(x=75672.855, y=16386.3025)",75672.855,16386.3025,65,1941914.1199896303
797,291,"Point(x=33314.05, y=4706.845)",33314.05,4706.845,114,1596346.3012096921
798,587,"Point(x=52212.755, y=38133.14)",52212.755,38133.14,162,3610272.7254073694
799,664,"Point(x=67714.62, y=28168.925)",67714.62,28168.925,105,4521499.847460282
